<?xml version="1.0" encoding="UTF-8"?>
<!DOCTYPE mapper
PUBLIC "-//mybatis.org//DTD Mapper 3.0//EN"
"http://mybatis.org/dtd/mybatis-3-mapper.dtd">

<mapper namespace="org.hdcd.mapper.PlatformMapper">


<select id="netflex" resultType="Platform">
	
	 	SELECT title,
	 		   actor,
	 		   genre,
	 		   link,
	 		   story,
	 		   poster
	 	  FROM playlist
	 	 WHERE plat_co = 100
	 
	</select>
	
<select id="coupangplay" resultType="Platform">
	
	 	SELECT title,
	 		   actor,
	 		   genre,
	 		   link,
	 		   story,
	 		   poster
	 	  FROM playlist
	 	 WHERE plat_co = 200
	 
	</select>
<select id="watcha" resultType="Platform">
	
	 	SELECT title,
	 		   actor,
	 		   genre,
	 		   link,
	 		   story,
	 		   poster
	 	  FROM playlist
	 	 WHERE plat_co = 300
	 
	</select>
	<select id="disney" resultType="Platform">
	
	 	SELECT title,
	 		   actor,
	 		   genre,
	 		   link,
	 		   story,
	 		   poster
	 	  FROM playlist
	 	 WHERE plat_co = 500
	 
	</select>
	<select id="wave" resultType="Platform">
	
	 	SELECT title,
	 		   actor,
	 		   genre,
	 		   link,
	 		   story,
	 		   poster
	 	  FROM playlist
	 	 WHERE plat_co = 400
	 
	</select>
	<select id="tving" resultType="Platform">
	
	 	SELECT title,
	 		   actor,
	 		   genre,
	 		   link,
	 		   story,
	 		   poster
	 	  FROM playlist
	 	 WHERE plat_co = 600
	</select>

</mapper>