{"name":"SFA 대화 예제","created":"2017-06-20T05:04:17.765Z","intents":[{"intent":"question_price","created":"2017-06-20T05:04:17.765Z","updated":"2017-06-20T05:04:17.765Z","examples":[{"text":"케냐 커피의 가격은 어떻게 되나요?","created":"2017-06-20T05:04:17.765Z","updated":"2017-06-20T05:04:17.765Z"},{"text":"케냐 커피의 가격은 얼마죠?","created":"2017-06-20T05:04:17.765Z","updated":"2017-06-20T05:04:17.765Z"},{"text":"케냐 커피의 가격 좀 알려주세요.","created":"2017-06-20T05:04:17.765Z","updated":"2017-06-20T05:04:17.765Z"},{"text":"에티오피아 커피의 가격은 어떻게 되나요?","created":"2017-06-20T05:04:17.765Z","updated":"2017-06-20T05:04:17.765Z"},{"text":"에티오피아 커피의 가격은 얼마죠?","created":"2017-06-20T05:04:17.765Z","updated":"2017-06-20T05:04:17.765Z"},{"text":"에티오피아 커피의 가격 좀 알려주세요.","created":"2017-06-20T05:04:17.765Z","updated":"2017-06-20T05:04:17.765Z"},{"text":"커피 가격이 얼마죠?","created":"2017-06-20T05:04:17.765Z","updated":"2017-06-20T05:04:17.765Z"},{"text":"가격이 얼마죠?","created":"2017-06-20T05:04:17.765Z","updated":"2017-06-20T05:04:17.765Z"},{"text":"예가체프 가격이 얼마죠?","created":"2017-06-20T05:04:17.765Z","updated":"2017-06-20T05:04:17.765Z"}],"description":null},{"intent":"question_etiopia","created":"2017-06-20T05:04:17.765Z","updated":"2017-06-20T05:04:17.765Z","examples":[{"text":"에티오피아 커피의 특징을 알려 주세요","created":"2017-06-20T05:04:17.765Z","updated":"2017-06-20T05:04:17.765Z"},{"text":"에티오피아 커피 설명 좀 해주세요","created":"2017-06-20T05:04:17.765Z","updated":"2017-06-20T05:04:17.765Z"},{"text":"에티오피아 커피 궁금해요","created":"2017-06-20T05:04:17.765Z","updated":"2017-06-20T05:04:17.765Z"},{"text":"에티오피아 커피 궁금","created":"2017-06-20T05:04:17.765Z","updated":"2017-06-20T05:04:17.765Z"},{"text":"에티오피아 커피 맛있나요?","created":"2017-06-20T05:04:17.765Z","updated":"2017-06-20T05:04:17.765Z"}],"description":null},{"intent":"question_kenya","created":"2017-06-20T05:04:17.765Z","updated":"2017-06-20T05:04:17.765Z","examples":[{"text":"케냐 커피의 특징을 알려 주세요","created":"2017-06-20T05:04:17.765Z","updated":"2017-06-20T05:04:17.765Z"},{"text":"케냐 커피 설명 좀 해주세요","created":"2017-06-20T05:04:17.765Z","updated":"2017-06-20T05:04:17.765Z"},{"text":"케냐 커피 궁금해요","created":"2017-06-20T05:04:17.765Z","updated":"2017-06-20T05:04:17.765Z"},{"text":"케냐 커피 궁금","created":"2017-06-20T05:04:17.765Z","updated":"2017-06-20T05:04:17.765Z"},{"text":"케냐 커피 맛있나요?","created":"2017-06-20T05:04:17.765Z","updated":"2017-06-20T05:04:17.765Z"},{"text":"Kenya 커피 맛있나요?","created":"2017-06-20T05:04:17.765Z","updated":"2017-06-20T05:04:17.765Z"}],"description":null},{"intent":"picture","created":"2017-06-20T06:56:48.119Z","updated":"2017-06-20T06:57:50.443Z","examples":[{"text":"커피 사진 좀 보여 주세요","created":"2017-06-20T06:57:01.692Z","updated":"2017-06-20T06:57:01.692Z"},{"text":"커피 사진 보여 주세요","created":"2017-06-20T06:57:12.775Z","updated":"2017-06-20T06:57:12.775Z"},{"text":"사진 보여 주세요","created":"2017-06-20T06:57:19.675Z","updated":"2017-06-20T06:57:19.675Z"},{"text":"사진 좀..","created":"2017-06-20T06:57:24.550Z","updated":"2017-06-20T06:57:24.550Z"},{"text":"사진 보여줘","created":"2017-06-20T06:57:35.036Z","updated":"2017-06-20T06:57:35.036Z"},{"text":"어떻게 생겼죠?","created":"2017-06-20T06:57:50.443Z","updated":"2017-06-20T06:57:50.443Z"}],"description":null}],"updated":"2017-06-20T07:07:19.466Z","entities":[{"entity":"kenya","values":[{"value":"케냐 야라 AA","created":"2017-06-20T05:04:17.765Z","updated":"2017-06-20T05:04:17.765Z","metadata":null,"synonyms":["케냐","케냐 커피"]},{"value":"Kenya Yara AA","created":"2017-06-20T05:04:17.765Z","updated":"2017-06-20T05:04:17.765Z","metadata":null,"synonyms":["Kenya","Kenya Yara"]}],"created":"2017-06-20T05:04:17.765Z","updated":"2017-06-20T05:04:17.765Z","metadata":null,"description":null},{"entity":"etiopia","values":[{"value":"에티오피아 예가체프 커피","created":"2017-06-20T05:04:17.765Z","updated":"2017-06-20T05:04:17.765Z","metadata":null,"synonyms":["예가체프","Etiopia","Etiopia Yirgacheffe","에티오피아","에티오피아 예가체프"]}],"created":"2017-06-20T05:04:17.765Z","updated":"2017-06-20T05:04:17.765Z","metadata":null,"description":null}],"language":"ko","metadata":null,"description":"SFA 대화 예제","dialog_nodes":[{"go_to":null,"title":null,"output":{},"parent":null,"context":null,"created":"2017-06-20T05:04:17.765Z","updated":"2017-06-20T05:04:17.765Z","metadata":null,"conditions":"intent == 'question_kenya'","description":null,"dialog_node":"케냐 커피 문의","previous_sibling":"에티오피아 커피 문의"},{"go_to":null,"title":null,"output":{},"parent":null,"context":null,"created":"2017-06-20T05:04:17.765Z","updated":"2017-06-20T05:04:17.765Z","metadata":null,"conditions":"#question_etiopia","description":null,"dialog_node":"에티오피아 커피 문의","previous_sibling":"환영 인사"},{"go_to":null,"title":null,"output":{},"parent":"케냐 커피 문의","context":null,"created":"2017-06-20T05:04:17.765Z","updated":"2017-06-20T05:04:17.765Z","metadata":null,"conditions":"#question_price","description":null,"dialog_node":"커피 가격 문의","previous_sibling":null},{"go_to":null,"title":null,"output":{"text":{"values":["알아듣기 쉽게 다시 말씀해주시면 좋겠어요.","다시 말씀해주시겠어요? 이해가 잘 안 되네요.","무슨 뜻인지 모르겠어요."],"selection_policy":"sequential"}},"parent":null,"context":null,"created":"2017-06-20T05:04:17.765Z","updated":"2017-06-20T05:04:17.765Z","metadata":null,"conditions":"anything_else","description":null,"dialog_node":"기타","previous_sibling":"케냐 커피 문의"},{"go_to":null,"title":null,"output":{"text":{"values":["안녕하세요.저희는 %ALL_COFFEE% 커피를 판매하고 있습니다."],"selection_policy":"sequential"},"action":{"id":"SELECT_ALL","type":"REPL","params":{}}},"parent":null,"context":{"coffee_name":""},"created":"2017-06-20T05:04:17.765Z","updated":"2017-06-20T07:01:47.781Z","metadata":null,"conditions":"welcome","description":null,"dialog_node":"환영 인사","previous_sibling":null},{"go_to":null,"title":null,"output":{"text":{"values":["요청하신 <? $coffee_name ?> 커피 사진 입니다."],"selection_policy":"sequential"},"postAction":{"id":"SELECT_PICTURE","params":{"prodCd":"<? $coffee_name ?>"}}},"parent":"커피 가격 문의","context":null,"created":"2017-06-20T06:59:45.159Z","updated":"2017-06-20T07:04:02.566Z","metadata":null,"conditions":"#picture","description":null,"dialog_node":"커피 사진 출력","previous_sibling":null},{"go_to":{"return":null,"selector":"condition","dialog_node":"커피 가격 문의"},"title":null,"output":{},"parent":"에티오피아 커피 문의","context":null,"created":"2017-06-20T05:04:17.765Z","updated":"2017-06-20T05:04:17.765Z","metadata":null,"conditions":"true","description":null,"dialog_node":"커피 가격 문의로 이동","previous_sibling":null},{"type":"response_condition","go_to":null,"title":null,"output":{"text":{"values":["저희가 취급하지 않는 커피 입니다."],"selection_policy":"sequential"}},"parent":"커피 가격 문의","context":{"coffee_name":""},"created":"2017-06-20T05:04:17.765Z","updated":"2017-06-20T05:10:18.863Z","metadata":null,"conditions":" true","description":null,"dialog_node":"node_12_1496983258564","previous_sibling":"node_11_1496983189841"},{"type":"response_condition","go_to":null,"title":null,"output":{"text":{"values":["저희가 취급하지 않는 커피 입니다."],"selection_policy":"sequential"}},"parent":"케냐 커피 문의","context":{"coffee_name":""},"created":"2017-06-20T05:04:17.765Z","updated":"2017-06-20T05:04:17.765Z","metadata":null,"conditions":"true","description":null,"dialog_node":"node_6_1496903695116","previous_sibling":"node_5_1496899966390"},{"type":"response_condition","go_to":null,"title":null,"output":{"text":{"values":["에티오피아를 대표하는 원두는 예가체프 입니다. 예가체프는 고원 산지에서 나는 원두로, 열대 과일의 향기와 신맛이 절묘하게 어울리는 원두입니다."],"selection_policy":"sequential"}},"parent":"에티오피아 커피 문의","context":{"coffee_name":"ETIOPIA"},"created":"2017-06-20T05:04:17.765Z","updated":"2017-06-20T05:08:48.426Z","metadata":null,"conditions":"","description":null,"dialog_node":"node_1_1496883342252","previous_sibling":"커피 가격 문의로 이동"},{"type":"response_condition","go_to":null,"title":null,"output":{"text":{"values":["Kenya AA는 해발 2000m가 넘는 고지대에서 생산되는 커피입니다. 'AA'는 원두의 크기를 나타내며, 가장 큰 원두이면서 최고급을 의미하는 등급입니다."],"selection_policy":"sequential"}},"parent":"케냐 커피 문의","context":{"coffee_name":"KENYA"},"created":"2017-06-20T05:04:17.765Z","updated":"2017-06-20T05:04:17.765Z","metadata":null,"conditions":"entities['kenya'] == 'Kenya Yara AA'","description":null,"dialog_node":"node_5_1496899966390","previous_sibling":"node_4_1496899965428"},{"type":"response_condition","go_to":null,"title":null,"output":{"text":{"values":["[ @kenya.literal ] 케냐 AA는 해발 2000m가 넘는 고지대에서 생산되는 커피입니다. 'AA'는 원두의 크기를 나타내며, 가장 큰 원두이면서 최고급을 의미하는 등급입니다."],"selection_policy":"sequential"}},"parent":"케냐 커피 문의","context":{"coffee_name":"KENYA"},"created":"2017-06-20T05:04:17.765Z","updated":"2017-06-20T07:01:26.414Z","metadata":null,"conditions":" @kenya:(케냐 야라 AA)","description":null,"dialog_node":"node_4_1496899965428","previous_sibling":"커피 가격 문의"},{"type":"response_condition","go_to":null,"title":null,"output":{"text":{"values":["1Kg 생두가 %PROD_PRICE%원 입니다."],"selection_policy":"sequential"},"action":{"id":"SELECT_PRICE","type":"REPL","params":{"prodCd":"ETIOPIA"}}},"parent":"커피 가격 문의","context":null,"created":"2017-06-20T05:04:17.765Z","updated":"2017-06-20T07:07:09.364Z","metadata":null,"conditions":"$coffee_name == \"ETIOPIA\"","description":null,"dialog_node":"node_9_1496983169352","previous_sibling":"커피 사진 출력"},{"type":"response_condition","go_to":null,"title":null,"output":{"text":{"values":["1Kg 생두가 %PROD_PRICE%원 입니다."],"selection_policy":"sequential"},"action":{"id":"SELECT_PRICE","type":"REPL","params":{"prodCd":"KENYA"}}},"parent":"커피 가격 문의","context":null,"created":"2017-06-20T05:04:17.765Z","updated":"2017-06-20T07:07:19.466Z","metadata":null,"conditions":"$coffee_name == \"KENYA\"","description":null,"dialog_node":"node_11_1496983189841","previous_sibling":"node_9_1496983169352"}],"workspace_id":"4544a019-2053-4a01-9ea7-715c209b98d7","counterexamples":[]}